"n","media_empirica","variancia_empirica"
5,171.935702609398,65.7756439440826
10,171.317913792554,81.7848151559667
30,170.243488359312,101.505075227123
50,170.833359583157,70.5111184817652
100,169.155287812678,94.8715022133943
1000,170.269365322271,101.804493679684
10000,169.985543996695,99.8028722333373
