"n","media_empirica","variancia_empirica"
5,171.935702609398,65.7756439440826
10,171.317913792554,81.7848151559667
30,170.243488359312,101.505075227123
100,169.382100590065,86.2055192669154
1000,170.311664591526,101.58042889889
